{
  "project_info": {
    "project_number": "249704948976",
    "project_id": "project-kelas-industri",
    "storage_bucket": "project-kelas-industri.appspot.com"
  },
  "client": [
    {
      "client_info": {
        "mobilesdk_app_id": "1:249704948976:android:00a9b37e00e7861f00ce35",
        "android_client_info": {
          "package_name": "com.bennohan.myfriends"
        }
      },
      "oauth_client": [
        {
          "client_id": "249704948976-mthkl4lic9dtm1gs4htj4flnss9v7cra.apps.googleusercontent.com",
          "client_type": 3
        }
      ],
      "api_key": [
        {
          "current_key": "AIzaSyAtRvAPDQ3rFhgOcNXUkQrLzsjDynJfMsc"
        }
      ],
      "services": {
        "appinvite_service": {
          "other_platform_oauth_client": [
            {
              "client_id": "249704948976-mthkl4lic9dtm1gs4htj4flnss9v7cra.apps.googleusercontent.com",
              "client_type": 3
            }
          ]
        }
      }
    }
  ],
  "configuration_version": "1"
}